https://www.key4you.cz/produkt/detaily/2332-krtek-a-jeho-velike-dobrodruzstvi/	Krtek a jeho veliké dobrodružství	99.0
https://www.key4you.cz/produkt/detaily/3035-zahrajem-si-na-vojaky/	Zahrajem si na vojáky	169.0
https://www.key4you.cz/produkt/detaily/5654-kingdom-come-deliverance-royal-edition/	Kingdom Come Deliverance Royal Edition	359.0
https://www.key4you.cz/produkt/detaily/46-call-of-duty-4-modern-warfare/	Call of Duty 4 Modern Warfare	187.0
https://www.key4you.cz/produkt/detaily/8427-elden-ring/	Elden Ring	1299.0
https://www.key4you.cz/produkt/detaily/3682-assassins-creed-origins/	Assassins Creed Origins	249.0
https://www.key4you.cz/produkt/detaily/1324-7-days-to-die/	7 Days to Die	189.0
https://www.key4you.cz/produkt/detaily/112-call-of-duty-modern-warfare-3/	Call of Duty Modern Warfare 3	398.0
https://www.key4you.cz/produkt/detaily/6625-need-for-speed-heat/	Need for Speed Heat 399.0
https://www.key4you.cz/produkt/detaily/3713-akcni-nahodny-steam-klic/	Akční náhodný steam klíč	79.0
https://www.key4you.cz/produkt/detaily/4231-battlefield-v/	Battlefield V	429.0
https://www.key4you.cz/produkt/detaily/2453-assassins-creed-syndicate/	Assassins Creed Syndicate	229.0
https://www.key4you.cz/produkt/detaily/5429-far-cry-new-dawn/	Far Cry New Dawn	258.0
https://www.key4you.cz/produkt/detaily/672-call-of-duty-4-modern-warfare-steam/	Call of Duty 4 Modern Warfare Steam	349.0
https://www.key4you.cz/produkt/detaily/7555-medieval-dynasty/	Medieval Dynasty	549.0
https://www.key4you.cz/produkt/detaily/47-call-of-duty-5-world-at-war/	Call of Duty 5 World at War	198.0
https://www.key4you.cz/produkt/detaily/7510-call-of-duty-black-ops-cold-war/	Call of Duty Black Ops Cold War	1649.0
https://www.key4you.cz/produkt/detaily/3694-wolfenstein-ii-the-new-colossus/	Wolfenstein II The New Colossus	399.0
https://www.key4you.cz/produkt/detaily/637-assassins-creed-4-black-flag/	Assassins Creed 4 Black Flag	319.0
https://www.key4you.cz/produkt/detaily/7957-diablo-ii-resurrected/	Diablo II Resurrected	1099.0
